data	piolo	modulo	domanda	risposta
2026-09-18-2010	r010	answerframe	What does an anvil consist of?	Large block.
2026-09-18-2010	r010	answerframe	What is an anvil made of?	Large block.
2026-09-18-2044	r300	answerframe	what area do coral reefs occupy	less than 0.1 percent of the world's ocean area.
2026-09-18-2044	r300	answerframe	what was the economic value of c	anywhere from us$30–375 billion.
2026-09-18-2044	r300	answerframe	what was the economic value of c	anywhere from us$30–375 billion.
2026-09-18-2044	r340	knowledge	what is often formed in charcoal	charcoal is a lightweight black residue.
2026-09-18-2044	r340	knowledge	what is charcoal utilized in bes	charcoal is a lightweight black residue.
2026-09-18-2044	r340	knowledge	in which regions did charcoal pr	america, africa.
2026-09-18-2044	r340	analysis_family	where is wood carbonized in mode	On wood carbonized in modern, a sound investigatio
2026-09-18-2044	r340	knowledge	what factors do the properties o	charred, carbonization.
2026-09-18-2044	r340	answerframe	what is the temperature of carbo	Temperature measures the average energy of the ran
2026-09-18-2044	r340	answerframe	what is charcoal made of carbon	The carbon cycle exchanges carbon among air, ocean
2026-09-18-2102	r320	answerframe	what properties of soil does com	soil fertility.
2026-09-18-2102	r320	knowledge	what is compost prepared by deco	compost is a mixture.
2026-09-18-2102	r320	answerframe	what is the resulting mixture ri	plant nutrients.
2026-09-18-2102	r320	answerframe	where does compost improve soil	Soil fertility.
2026-09-18-2102	r320	knowledge	how much of the waste in landfil	1. Salvage insulated copper wire, strong permanent
2026-09-18-2102	r320	answerframe	what is added to the plant matte	Matter is physical substance made of particles, wi
2026-09-18-2102	r340	knowledge	what is often formed in charcoal	charcoal is a lightweight black residue.
2026-09-18-2102	r340	knowledge	what is charcoal utilized in bes	charcoal is a lightweight black residue.
2026-09-18-2102	r340	knowledge	in which regions did charcoal pr	america, africa.
2026-09-18-2102	r340	analysis_family	where is wood carbonized in mode	On wood carbonized in modern, a sound investigatio
2026-09-18-2102	r340	knowledge	what factors do the properties o	charred, carbonization.
2026-09-18-2102	r340	answerframe	what is the temperature of carbo	Temperature measures the average energy of the ran
2026-09-18-2102	r340	answerframe	what is charcoal made of carbon	The carbon cycle exchanges carbon among air, ocean
2026-09-18-2245	r300	arith	Shallow coral reefs, which occupy less than 0.1 percent of the ocean floor, are estimated… (frase 8, AFFERMAZIONE letta in chat)	0.025.
2026-09-18-2250	r320	knowledge	At the most basic level, composting requires gathering a mix of green waste (…) (frase 6, AFFERMAZIONE letta in chat)	Grass is green because it is full of chlorophyll…
2026-09-18-2250	r320	semantic_lead	what does green waste include?	I don't actually see or experience things, but I can describe it: a fresh, restful colour…
2026-09-18-2250	r320	knowledge	Composting requires green waste (nitrogen-rich materials such as leaves, grass, and food scraps). (AFFERMAZIONE)	Learned 10 prerequisites for composting. (la parentetica letta come lista di prerequisiti)
2026-09-18-2300	r320	answerframe	what properties of soil does com	soil fertility.
2026-09-18-2300	r320	answerframe	where does compost improve soil	Soil fertility.
2026-09-18-2300	r320	knowledge	how much of the waste in landfil	1. Salvage insulated copper wire, strong permanent
2026-09-18-2300	r320	answerframe	what is added to the plant matte	Matter is physical substance made of particles, wi
2026-09-18-2318	r320	answerframe	what properties of soil does com	soil fertility.
2026-09-18-2318	r320	answerframe	where does compost improve soil	Soil fertility.
2026-09-18-2318	r320	knowledge	how much of the waste in landfil	1. Salvage insulated copper wire, strong permanent
2026-09-18-2318	r320	answerframe	what is added to the plant matte	Matter is physical substance made of particles, wi
2026-09-19-1021	r320	answerframe	what properties of soil does com	soil fertility.
2026-09-19-1021	r320	answerframe	what is the resulting mixture ri	plant nutrients.
2026-09-19-1021	r320	answerframe	where does compost improve soil	Soil fertility.
2026-09-19-1021	r320	knowledge	how much of the waste in landfil	1. Salvage insulated copper wire, strong permanent
2026-09-19-1021	r320	answerframe	what is added to the plant matte	Matter is physical substance made of particles, wi
2026-09-19-1025	r320	answerframe	what properties of soil does com	soil fertility.
2026-09-19-1025	r320	answerframe	what is the resulting mixture ri	plant nutrients.
2026-09-19-1025	r320	answerframe	where does compost improve soil	Soil fertility.
2026-09-19-1025	r320	knowledge	how much of the waste in landfil	1. Salvage insulated copper wire, strong permanent
2026-09-19-1025	r320	answerframe	what is added to the plant matte	Matter is physical substance made of particles, wi
2026-09-19-1035	r320	answerframe	what properties of soil does com	soil fertility.
2026-09-19-1035	r320	answerframe	what is the resulting mixture ri	plant nutrients.
2026-09-19-1035	r320	answerframe	where does compost improve soil	Soil fertility.
2026-09-19-1035	r320	answerframe	what is added to the plant matte	Matter is physical substance made of particles, wi
2026-09-19-1039	r340	knowledge	what is often formed in charcoal	charcoal is a lightweight black residue.
2026-09-19-1039	r340	knowledge	what is the heat supplied by in	charcoal is a lightweight black residue.
2026-09-19-1039	r340	knowledge	in which regions did charcoal pr	america, africa.
2026-09-19-1039	r340	analysis_family	where is wood carbonized in mode	On wood carbonized in modern, a sound investigatio
2026-09-19-1039	r340	knowledge	what factors do the properties o	charred, carbonization.
2026-09-19-1039	r340	answerframe	what is the temperature of carbo	Temperature measures the average energy of the ran
2026-09-19-1039	r340	answerframe	what is charcoal made of carbon	The carbon cycle exchanges carbon among air, ocean
2026-09-19-1059	r320	answerframe	what properties of soil does com	soil fertility.
2026-09-19-1059	r320	answerframe	what is the resulting mixture ri	plant nutrients.
2026-09-19-1059	r320	answerframe	where does compost improve soil	Soil fertility.
2026-09-19-1059	r320	answerframe	what is added to the plant matte	Matter is physical substance made of particles, wi
2026-09-19-1059	r320	turn_plan	what is this text about?	The text is about mixture.
2026-09-19-1059	r320	turn_plan	what is the topic?	The text is about mixture.
2026-09-19-1101	r320	answerframe	what properties of soil does com	soil fertility.
2026-09-19-1101	r320	answerframe	what is the resulting mixture ri	plant nutrients.
2026-09-19-1101	r320	answerframe	where does compost improve soil	Soil fertility.
2026-09-19-1101	r320	answerframe	what is added to the plant matte	Matter is physical substance made of particles, wi
2026-09-19-1114	r320	answerframe	what properties of soil does com	soil fertility.
2026-09-19-1114	r320	answerframe	what is the resulting mixture ri	plant nutrients.
2026-09-19-1114	r320	answerframe	where does compost improve soil	Soil fertility.
2026-09-19-1114	r320	answerframe	what is added to the plant matte	Matter is physical substance made of particles, wi
